biodiversity_index,carbon_sequestration,economic_value
0.59801567,13899.13,285771.62
0.59801567,13899.13,285771.62
0.59801567,13899.13,285771.62
0.59801567,13899.13,285771.62
0.59801567,13899.13,285771.62
0.59801567,13899.13,285771.62
0.59801567,13899.13,285771.62
0.59801567,13899.13,285771.62
0.59801567,13899.13,285771.62
0.59801567,13899.13,285771.62
